{"failed_requests":0,"num_clients":100,"reqs_per_client":5,"started":"2022-11-04T19:47:38.161982746Z","successful_requests":500,"throughput_in_mib":492.7230919619486,"time_to_completion":[1.007429112,0.403581019,0.312125934,0.415076824,0.343380225,0.925333194,0.198471759,0.289958772,0.362671959,0.287041601,1.10767705,0.242963587,0.304273425,0.359667148,0.282799358,1.169429877,0.298642303,0.380017023,0.35001944,0.269521544,1.07667431,0.367427973,0.389926667,0.378580834,0.202858884,1.1546975640000001,0.374253864,0.359057814,0.160264076,0.313608035,0.887424314,0.257278918,0.298404912,0.379285253,0.349844217,0.960218645,0.409921309,0.312454722,0.37625521,0.29027226,0.876441919,0.257395812,0.296207769,0.379762973,0.295475749,0.946419806,0.410176894,0.312766972,0.415178191,0.246543248,0.933265664,0.411107356,0.354966507,0.254600473,0.290149629,0.939856042,0.403778613,0.311813136,0.415809755,0.248642074,1.022220857,0.368427109,0.359643531,0.234699925,0.324131424,0.925027964,0.463390547,0.38988435,0.378606392,0.203135867,1.009474681,0.36838861,0.359838419,0.235740054,0.323095975,1.007658852,0.367920631,0.390366146,0.351315092,0.271547549,0.894522125,0.410751217,0.319400177,0.422791393,0.329304043,1.073570881,0.298975333,0.380145498,0.377903802,0.20304261,0.880525122,0.411242848,0.312759501,0.374640159,0.291801995,1.050044756,0.309078354,0.381742625,0.350045725,0.210976804,0.86922736,0.410723283,0.354302547,0.25496498,0.289931345,1.052908319,0.29560606,0.379761958,0.349819598,0.269560992,0.785650028,0.254637608,0.297592974,0.380534376,0.377255691,0.9733931,0.292482258,0.351369195,0.253825736,0.291180188,1.026593508,0.297821703,0.381182807,0.349828024,0.210965384,0.94225688,0.366700769,0.360235615,0.384870354,0.226199944,0.836874531,0.404935025,0.311964584,0.191682417,0.160818516,0.927166244,0.368252503,0.3599299,0.234503168,0.324322436,0.983624539,0.24837651,0.275872582,0.251403236,0.129370007,0.738135606,0.197975057,0.290078549,0.351170635,0.255063044,0.988776627,0.297655481,0.348268897,0.236579887,0.323022399,0.72522003,0.198124572,0.289998779,0.276208938,0.338520391,1.061489755,0.398779273,0.360703438,0.282968804,0.203499027,1.150148128,0.304813267,0.359827773,0.282979234,0.201724276,0.883078789,0.367088967,0.359790324,0.234623304,0.32414812,0.700314714,0.259820287,0.295845757,0.379080894,0.350642566,0.773975753,0.405142914,0.362871129,0.289277592,0.324948384,0.86270451,0.367853992,0.359894052,0.235894707,0.322727479,0.888228624,0.280891978,0.351287086,0.254875844,0.28999093,0.753355576,0.405389278,0.319067568,0.422277989,0.329558729,0.923998072,0.297396307,0.379827478,0.378057445,0.202810516,0.733641894,0.411115949,0.366279119,0.287343308,0.286284153,0.656815998,0.255292014,0.297645095,0.380577321,0.29617331,0.827171173,0.364586184,0.359846728,0.234163174,0.32429591,0.839063856,0.24065153,0.304227248,0.359885402,0.282153152,0.715940253,0.403995424,0.311757058,0.414690287,0.246500923,0.887452756,0.371832432,0.359120901,0.160402684,0.313439817,0.702344363,0.462011886,0.360734314,0.234137389,0.324473589,0.871596565,0.298942203,0.380356182,0.377737635,0.202926294,0.68057445,0.411700312,0.312197801,0.415147992,0.246629878,0.798185015,0.160218948,0.386807756,0.359965322,0.283436643,0.593388697,0.261133115,0.296005072,0.379221035,0.377427182,0.785922635,0.242836076,0.304369744,0.359720982,0.251345344,1.125127584,0.359443054,0.346249613,0.327770388,0.16411364,0.803369979,0.263071982,0.351371475,0.254795145,0.290063323,0.825157074,0.297903667,0.380807829,0.349168906,0.271408123,0.962737008,0.444411734,0.301078419,0.320577198,0.140702128,0.81058902,0.298441513,0.380205114,0.351075476,0.271272701,0.95171765,0.34439743,0.359820207,0.282670145,0.202027803,0.542242479,0.260067476,0.368906819,0.359522649,0.160394988,1.011327386,0.326321024,0.415313618,0.246947362,0.152248051,0.785277263,0.298924154,0.381227178,0.349548405,0.270967376,0.784812349,0.299511626,0.380724715,0.349698864,0.27111412,0.774548678,0.297675154,0.378895895,0.378255129,0.20256818,0.595901367,0.404947175,0.278820693,0.338851454,0.282455105,0.577587932,0.410470905,0.36452404,0.28891771,0.286719083,0.746494657,0.261067863,0.334920212,0.297590111,0.286978964,0.961240423,0.326308377,0.4162602,0.34482815,0.13332978,0.746976892,0.29743066,0.379691565,0.378524138,0.197168295,0.821862636,0.398953085,0.360063926,0.282374714,0.197289597,0.946378055,0.326481374,0.416005117,0.343808426,0.114197721,0.722500087,0.298251537,0.380270837,0.377708809,0.203066515,0.46683195,0.195163518,0.289619821,0.351255486,0.254917425,0.456554581,0.195267932,0.289641763,0.351450702,0.254751538,0.695884323,0.240731021,0.311506156,0.375639896,0.212691058,0.91103713,0.326576276,0.415457218,0.247064598,0.161906055,0.908056011,0.32737545,0.428850037,0.330209074,0.147439065,0.610779781,0.362384761,0.35971702,0.234512696,0.323942756,0.821428776,0.352260402,0.353567502,0.282516059,0.202120486,0.488744279,0.410833247,0.312746695,0.416252579,0.246241221,0.486079025,0.410458199,0.363601606,0.289245024,0.324762162,0.82258982,0.344878069,0.338472118,0.28205549,0.216857862,0.884677593,0.318370892,0.422864568,0.329184803,0.122350343,0.464336172,0.324883906,0.271229639,0.191485501,0.277113083,0.82396977,0.35928859,0.415245063,0.246321034,0.142600233,0.866757574,0.351504988,0.389147752,0.327600156,0.122218986,0.842944762,0.326336731,0.429731754,0.330251311,0.128023025,0.62185674,0.298953538,0.379706881,0.377951758,0.203004335,0.359461355,0.198019344,0.240425414,0.304323151,0.359709944,0.858642902,0.345804517,0.287345419,0.324124637,0.193935725,0.421073643,0.410058696,0.36429542,0.288855737,0.325070525,0.535974866,0.293139874,0.415727802,0.236147618,0.323401409,0.819214066,0.311767592,0.434753802,0.324623571,0.135237935,0.403383481,0.410197005,0.312212858,0.415300089,0.246325689,0.663079617,0.399229959,0.305386133,0.334337858,0.200253043,0.659352789,0.398853335,0.360871064,0.282286052,0.203806168,0.551278019,0.244607491,0.35113912,0.254600951,0.287654259,0.54901799,0.240743453,0.354030956,0.298409127,0.324398412,0.780214431,0.362813486,0.289318599,0.324815598,0.160612514,0.634622946,0.398953766,0.360301415,0.282485883,0.188470056],