{"failed_requests":0,"num_clients":10,"reqs_per_client":5,"started":"2022-11-04T19:47:35.632896076Z","successful_requests":50,"throughput_in_mib":338.35012241523236,"time_to_completion":[0.209130349,0.030281599,0.028019796,0.032546559,0.020579769,0.17472945,0.036897501,0.029334195,0.025787897,0.033295703,0.159010467,0.038067677,0.047580739,0.031014762,0.019712738,0.160656819,0.037342481,0.021409171,0.030671303,0.036287337,0.146857704,0.023728245,0.021132609,0.042652994,0.02408473,0.190402568,0.043362644,0.0293326,0.024609817,0.022916223,0.132369447,0.039321492,0.028526136,0.024193653,0.033071049,0.131273921,0.024605312,0.022038722,0.136696275,0.022366813,0.128831116,0.030516334,0.048880068,0.029132649,0.025540883,0.12653095,0.038238932,0.043400921,0.036289128,0.019936549],"time_to_first_byte":[0.120736771,0.011571544,0.02419881,0.022507553,0.012230835,0.104914487,0.024350728,0.015919584,0.011256239,0.026102421,0.087178779,0.011138847,0.023975255,0.011966972,0.012524483,0.092840613,0.023409566,0.012040985,0.026255025,0.02797425,0.074720885,0.011501942,0.014889117,0.02605465,0.01171334,0.109823541,0.028033134,0.011638478,0.012837281,0.012288179,0.062270638,0.025349001,0.011379068,0.01223745,0.026181377,0.060914842,0.012974367,0.0170029,0.023837479,0.011695272,0.053386742,0.014445523,0.031349252,0.013488619,0.018425187,0.055980438,0.021653895,0.02524392,0.011475372,0.016007875],"total_requests":50,"total_runtime":0.390573391,"total_size":138569900}
