{"failed_requests":0,"num_clients":10,"reqs_per_client":1,"started":"2022-11-04T19:47:22.356097533Z","successful_requests":10,"throughput_in_mib":107.51179886761012,"time_to_completion":[0.177906816,0.219337675,0.191380062,0.174713224,0.155306329,0.158588569,0.150137031,0.19195537,0.149224205,0.130109005],"time_to_first_byte":[0.106833076,0.150302803,0.115565209,0.099323752,0.087254252,0.081798529,0.072787766,0.113371014,0.070563042,0.057683396],"total_requests":10,"total_runtime":0.245834515,"total_size":27713980}
