{"failed_requests":0,"num_clients":10,"reqs_per_client":2,"started":"2022-11-04T19:47:28.435471146Z","successful_requests":20,"throughput_in_mib":207.552001375354,"time_to_completion":[0.175997988,0.034478133,0.174925906,0.039644081,0.169305376,0.029796879,0.162290411,0.035982958,0.149777571,0.036238657,0.146321658,0.031871908,0.158067668,0.025893801,0.134821035,0.039578744,0.152566394,0.035487892,0.148163254,0.023747766],"time_to_first_byte":[0.103789571,0.026703286,0.103980909,0.011368299,0.093545995,0.01380243,0.089822068,0.022703263,0.078398598,0.024623765,0.077057832,0.011338973,0.070779233,0.014016347,0.063353453,0.01154916,0.062239097,0.011854252,0.067805575,0.012301218],"total_requests":20,"total_runtime":0.254684231,"total_size":55427960}
