{"failed_requests":0,"num_clients":1,"reqs_per_client":1,"started":"2022-11-04T19:47:21.861164407Z","successful_requests":1,"throughput_in_mib":5.401814642267866,"time_to_completion":[0.479767029],"time_to_first_byte":[0.397834181],"total_requests":1,"total_runtime":0.489282078,"total_size":2771398}
