{"failed_requests":0,"num_clients":1,"reqs_per_client":5,"started":"2022-11-04T19:47:35.411690355Z","successful_requests":5,"throughput_in_mib":61.411507226906245,"time_to_completion":[0.129026412,0.022864224,0.016809397,0.018699339,0.019224523],"time_to_first_byte":[0.056860934,0.011432167,0.011462761,0.011955254,0.011405336],"total_requests":5,"total_runtime":0.215188587,"total_size":13856990}
