{"failed_requests":0,"num_clients":200,"reqs_per_client":2,"started":"2022-11-04T19:47:31.742243427Z","successful_requests":400,"throughput_in_mib":289.6020389734026,"time_to_completion":[2.264496475,1.063643188,2.472737365,0.573175675,2.194229442,1.047386796,2.195542003,1.046816246,2.183404172,1.0459877340000001,2.184492068,1.044133523,1.7205349349999999,1.156773072,2.432829102,0.573614417,2.338679006,0.612985438,2.326425248,0.625700667,2.327145883,0.613280837,2.310874303,0.625701707,2.342055626,0.586138654,1.928238855,1.144989376,2.28943391,0.625136376,2.116510134,1.04585659,2.316066437,0.586201356,1.653690546,1.156587292,2.6316228710000003,0.690168793,2.423377915,0.505311521,2.080928554,1.045276359,2.259561587,0.613858423,1.9862842139999999,0.683345559,2.328687933,0.574038185,2.224388512,0.625316895,2.248392614,0.599828946,2.374533645,0.505032635,1.92477137,1.062217943,2.03684917,1.052870181,2.7504512869999997,0.537736588,2.551510249,0.691811287,2.347306598,0.504993997,2.211985068,0.586015231,2.655135084,0.665125619,1.991735201,1.043781271,2.2667453220000002,0.560411351,2.688060052,0.610199094,1.885644842,1.038349655,2.227615021,0.573291451,1.8897484869999999,0.676783951,2.214824443,0.574269081,2.214934764,0.573909098,2.271878837,0.504680173,2.215839363,0.559608922,1.922829867,1.04968387,2.399989744,0.744511015,1.9123552209999999,1.046683361,2.399093052,0.575943338,2.08276904,0.61315516,2.09663972,0.599547597,1.277022371,0.94397413,2.097520752,0.585979832,1.992168476,0.618548305,1.877724723,1.043482882,1.917309333,1.0068966,1.865178832,1.043798902,2.189778796,0.855061686,1.904890962,1.063490468,1.821437752,1.061965611,2.5607813459999997,0.537441334,1.709172497,1.062568394,2.033790255,0.586421666,2.5513952399999997,0.509106876,2.464710903,0.665245617,2.335286079,0.69161231,2.146561991,0.847388109,1.968187891,0.613141455,2.126602908,0.854203554,1.7823305230000002,1.053264311,2.310406503,0.691495561,1.878736436,0.621459405,2.306413999,0.6835342,2.401363609,0.665379841,2.088059926,0.849417434,2.285129047,0.679676203,2.221443525,0.576094478,2.063432784,0.848919517,2.259959712,0.691422057,2.449886606,0.511783931,1.719027876,1.052884217,2.437144612,0.400655482,1.869267506,0.623188598,2.025635539,0.854259009,2.424762083,0.400474921,1.844425873,0.62361589,1.579184942,0.581775641,1.841880823,0.612992347,1.84159875,0.613237426,2.387987053,0.399370253,2.388346401,0.567644295,2.03167852,0.605414207,2.135259226,0.579916721,2.361779004,0.400175402,1.6772568589999999,1.006318578,1.739515936,0.665478871,1.519209413,0.692602853,1.7670108610000002,0.62517646,2.307511849,0.57831705,2.120735169,0.691874764,1.861293154,0.559483669,2.311378759,0.511276468,2.072154258,0.561156192,1.6143100449999999,1.006631334,1.8992229539999999,0.854062539,1.886203654,0.854462108,2.256906906,0.549776011,2.034864508,0.682842804,2.080240231,0.682003909,2.004830026,0.755176866,2.00467548,0.70689811,1.504470408,1.049548807,1.624726403,0.622039424,1.49794009,1.043756052,2.114806339,0.698572716,1.484842777,1.043512459,1.8228751490000001,0.854058228,2.209672298,0.400060222,2.122119162,0.665699291,1.573738537,0.678002827,2.178084246,0.539883094,1.9300260439999999,0.575929906,2.154969718,0.613594854,2.139246772,0.432104241,1.932781695,0.560820077,1.903009299,0.755228686,1.690853154,0.565784531,2.145607055,0.400739112,1.181558058,0.712375596,2.104910061,0.428857012,1.511183066,0.618148817,1.158527024,0.709811336,1.389714515,1.052893186,1.9110886219999998,0.685761604,1.904652398,0.691230171,1.473186219,0.618092326,1.891875995,0.692080393,1.879799061,0.691528807,1.397792615,1.006750656,1.670056752,0.849359268,1.8156018010000001,0.57622114,1.376337604,1.006296902,1.652478081,0.849946403,1.5829276700000001,0.561323172,1.6398578590000001,0.849666356,2.002313972,0.432431702,2.125923971,0.58879539,1.3991809640000001,0.677489953,1.4452087759999999,0.624774936,1.262172639,0.622160575,1.7985200300000002,0.691994671,1.595436429,0.834275488,1.366561364,0.678519896,1.5841100190000001,0.854510186,1.576577815,0.854406999,1.348155961,0.618184398,1.405080387,0.613635614,1.754775091,0.691571738,1.951476231,0.507564559,2.057285759,0.47218255,1.378962107,0.613495451,1.90337327,0.549719589,1.357796777,0.621851262,1.886796412,0.541039237,1.511508862,0.834304379,1.283090153,0.618529479,1.045421363,1.061320202,1.414073706,0.576246747,1.202439048,1.063001235,1.143196101,1.044103186,1.619614908,0.575739459,1.310363858,0.613053367,1.468586235,0.847197186,1.657902058,0.686099626,1.81607604,0.431823567,1.441757428,0.855313141,1.836195289,0.399436925,1.830077865,0.399931978,1.9208242869999999,0.527179604,2.023578529,0.39215076,1.9222986359999998,0.472665236,2.010167814,0.396542596,2.002862357,0.393048511,1.792103834,0.51075878,1.78582219,0.399196917,1.984761181,0.392450114,1.773062822,0.577490423,1.973820795,0.454588004,1.964712587,0.392752809,1.754705665,0.577144581,1.8587074810000002,0.472376111,1.7409509399999998,0.565683145,1.859504493,0.51620989,1.473675908,0.57575604,1.7206476560000001,0.578101162,1.715692027,0.507779006,1.819581237,0.472489555,1.813889365,0.504841543,1.901182306,0.395437055,1.997400177,0.332767267,1.8896945939999998,0.39572711],