{"failed_requests":0,"num_clients":25,"reqs_per_client":2,"started":"2022-11-04T19:47:28.697637973Z","successful_requests":50,"throughput_in_mib":298.8692834308529,"time_to_completion":[0.28790553,0.053722313,0.306346217,0.070789345,0.342777825,0.04438675,0.346804444,0.053942742,0.270693756,0.079919689,0.262705554,0.052531749,0.273642484,0.08005386,0.24977507,0.054793241,0.253765636,0.071025688,0.245766153,0.075112109,0.291391341,0.051967865,0.232071003,0.095804874,0.199375856,0.038084355,0.210642305,0.053195001,0.197821157,0.052382052,0.210077937,0.071477329,0.286896522,0.035326917,0.251772788,0.044559142,0.180254485,0.075328972,0.179896683,0.07566054,0.166822848,0.080124833,0.211574652,0.06580892,0.146369853,0.054646435,0.146419667,0.052472606,0.177324089,0.075213201],"time_to_first_byte":[0.191061991,0.021065728,0.204463366,0.056945589,0.186852292,0.030432946,0.20576611,0.040232138,0.173732557,0.064554409,0.16889501,0.027660901,0.164211092,0.041648476,0.156394283,0.038178349,0.150546394,0.04739045,0.149686646,0.061404297,0.136027783,0.031986104,0.136649525,0.055643314,0.118126372,0.024489126,0.118386008,0.025335058,0.106165465,0.030289936,0.108038626,0.059310265,0.092266337,0.014654053,0.097926076,0.029082999,0.082652531,0.060276862,0.083021897,0.059057794,0.069825632,0.057937161,0.079790741,0.045738343,0.054109008,0.03485666,0.050712235,0.033825148,0.053365293,0.057421688],"total_requests":50,"total_runtime":0.442168406,"total_size":138569900}
