{"failed_requests":0,"num_clients":500,"reqs_per_client":1,"started":"2022-11-04T19:53:35.251051773Z","successful_requests":500,"throughput_in_mib":182.46262578905427,"time_to_completion":[4.547160633,4.508721965,4.065821991,4.424495905,6.925990633,4.3812269520000005,4.408515521,4.338621255,4.310059387,4.2467818059999995,6.887965877,4.440915565,4.366387703,4.3244035499999995,4.235966311,4.230489306,4.375525358,6.848478875,4.338245749,6.599654492,4.299685516,4.419313575,4.222174832,4.164867613,4.131448109,6.743375852,6.78388394,4.136994519,4.371539762,6.71493111,4.237774082,4.247823653,4.3009285649999995,6.562142397,4.185299457,6.731331447,4.210083083,3.912029609,3.896119805,4.295707214,5.427761511,6.785014558,4.029743453,6.752160737,4.010206372,4.084879174,4.060345222,4.03437927,3.763079335,6.613455074,4.14628118,3.99610324,3.9982459439999998,4.097472693,3.966976967,4.024914584,4.052970659,6.579212621,4.005499447,4.016961345,3.99513962,4.120180239,4.015192854,4.107465004,3.986104898,4.035648514,3.886002972,4.042973255,6.514309421,3.935358712,3.905505108,3.875400277,3.869354157,3.947967877,4.055908083,4.932428878,3.988408292,3.868253089,6.449113597,6.397850186,6.493766993,3.798142749,6.457306185,6.423247583,6.468099435,4.872108438,3.978823236,3.775460013,3.828569191,3.886357274,3.739593557,3.809571072,6.36282635,6.406538778,6.125605595,6.40302301,3.739682135,6.332665281,6.318166373,6.330639034,3.504705012,6.385586067,3.952923426,3.82694005,6.283142058,6.309524333,6.267132058,3.6731817749999998,6.28323523,6.273053454,3.649252302,3.673877927,3.818349619,3.7284835100000002,3.634131442,3.585027458,3.725384195,3.802158359,3.681389892,6.057268209,3.7740495469999997,6.101534446,6.03440833,6.165875844,6.15946416,5.994561935,6.175894605,6.006776321,3.8164727259999998,6.215925003,6.153499108,6.06049518,5.958018655,5.95860948,6.097549895,5.803168252,6.161485731,6.066126137,3.64331289,6.096873589,6.072781407,3.603830479,3.369706162,3.5236239449999998,3.404590463,3.387462877,3.61518278,3.508299169,3.547892009,3.580914217,3.488792883,3.641023152,3.346110776,3.484340932,3.541667995,3.465937368,3.47707043,3.603585462,3.478666439,3.48111952,3.502463642,3.578559244,3.446825955,3.442978913,3.533464875,3.389170581,3.474405402,3.525750298,3.402810146,3.466629743,3.333096532,3.356067436,3.400797702,3.399514553,3.2903522450000002,3.442882844,3.47652817,3.398459112,3.463679512,4.883938492,3.410232086,4.634774367,3.438115938,4.872593002,3.425166082,3.409177312,3.312273916,5.801332117,4.778750025,3.395793519,3.287464313,3.306447933,3.183109608,4.8551555539999995,3.176194516,4.538839158,3.160382202,4.400371312,5.724855039,4.621561999,5.668160258,5.749216698,4.596994038,4.578132801,5.623522647,5.908850613,4.583018344,4.225885192,4.949379044,5.692879705,5.6283653099999995,4.697407956,5.69683324,4.936256585,5.707803881,5.312306544,4.257117981,4.39339582,4.679428958,4.579959492,5.010655795,5.651877935,5.264346725,5.710540833,5.591627828,5.600019833,5.566352162,5.576420689,5.5866465739999995,5.406093178,3.032273214,3.123711069,3.156952791,3.138789867,3.105480003,3.097255655,3.118823433,3.08445956,3.079789832,3.072113526,2.963261064,3.093919535,3.053846149,3.195333058,3.081091236,3.121872009,3.173508902,4.870843178,4.914459631,4.917255225,5.012405501,4.863427743,5.339893623,5.50868309,4.966295957,4.873088186,4.986811832,4.883795886,4.971976166,5.12785692,5.00251033,4.854395524,4.916542562,4.976697629,5.079494256,5.004302052,5.123446723,5.248892837,5.218377203,5.210997057,5.258681813,5.342657196,5.243841357,5.264808238,5.185454113,5.320835761,5.259660143,3.190716677,3.319201273,2.920681639,3.394782132,3.3891466980000002,3.277646877,3.351782744,3.377464078,2.928702848,3.442561966,3.696379092,3.225643815,3.847552699,4.079978212,4.012698534,4.097843409,3.456552445,3.740606103,4.197858308,4.228146811,4.314183312,3.843076981,3.954184686,3.9542473769999997,3.9357268469999998,4.047550568,4.024539349,4.277775935,4.130183695,3.962276907,4.011447523,4.045112951,3.8941618829999998,4.037805691,3.96914757,4.019968116,4.009121895,4.080798977,4.082434857,4.0676751190000004,4.045545005,4.090418349,4.057511197,4.059242816,4.030246262,4.06419369,4.054319927,3.774653557,4.019759442,3.389281006,4.072086531,3.744845622,4.0200048,3.348327654,3.722153866,3.710160762,3.70650671,3.317634972,3.410894555,3.950961188,3.291282862,3.287264129,3.663186982,3.649973078,3.872618602,3.285703085,3.866791363,3.446930194,3.900488453,3.955640805,3.848446075,3.848689963,3.59427346,3.206392098,3.5802691859999998,3.87740197,3.902229262,3.176512612,3.553734146,3.160882135,3.1525455940000002,3.146029199,3.517082878,3.1325128429999998,3.814501962,3.480835792,3.8224308970000003,3.8179410369999998,3.451276803,3.795825812,3.801440876,3.504907168,3.3132178420000002,3.33829861,3.314058423,3.296490763,3.308803958,3.312722442,3.456499458,3.280466736,3.384934978,3.274318124,3.276009107,3.362537449,3.411619159,3.726067623,3.083279706,3.836567288,3.326211073,3.18401316,2.95595141,3.359409434,3.35792348,3.277609558,2.9979502609999997,3.122437595,3.323624775,2.908801968,3.643878649,3.197309503,3.294435377,3.54249822,3.349648833,3.370319465,3.076421064,3.336138382,3.067495312,3.773384616,3.1495734300000002,3.669379513,3.671540421,3.672744269,3.366829853,3.286425152,3.485782426,3.177993138,3.6342385200000002,3.372692239,3.420580805,3.386750943,3.303132323,3.346734058,3.285593021,3.575209228,3.357497403,3.544302839,3.432325099,3.55621001,3.439047794,3.32468466,3.4114230389999998,3.339292951,3.384256001,3.293128283,3.377687746,3.378041134,3.288074822,3.279163886,3.278126845,3.27944356,3.274072086,3.269140263,3.312864381,3.313183746,3.306900128,3.309431714,3.186816993,3.182661967,3.314422037,3.207527843,3.213079543,3.417891116,3.1954153339999998,3.40342145,3.28280366,3.389281873,3.226212461,3.3737982,3.214227995,3.358736388,3.214354788,3.237356074,3.190860938,3.182439618,3.192962329,3.314850126,3.174275899,3.156530421,3.188409959,3.181345513,3.157178619,3.147091562,2.765212381,3.135416274,3.133700146,3.146076928,3.138944037,2.715931693,3.109907634,3.11477094,3.098419323,3.080323668,3.0845298740000002,3.056775931,3.066642731,3.044407417,2.954429651,3.044847573,3.032497775,3.034893613,3.062457707,3.044627917,3.017445409,2.9401277009999998,2.937140312,3.000664161,2.998169862,2.980207057,2.915818411,2.984454047,2.899213116,2.966417615,2.964702387],