{"failed_requests":0,"num_clients":50,"reqs_per_client":2,"started":"2022-11-04T19:47:29.147753618Z","successful_requests":100,"throughput_in_mib":295.323823228743,"time_to_completion":[0.659353655,0.09374221,0.54985553,0.161674728,0.487701533,0.121816872,0.53143297,0.142412224,0.510485524,0.150327719,0.465937584,0.095136334,0.506946727,0.151563246,0.549149315,0.128067404,0.48452687,0.143087749,0.494016967,0.140642893,0.530608552,0.115867587,0.484214139,0.161494412,0.470918516,0.161594855,0.380683081,0.091712713,0.580550173,0.127533856,0.497821185,0.148503892,0.396858023,0.122109996,0.435441878,0.145026738,0.497322828,0.123690785,0.598963237,0.1535894,0.41735639,0.14072708,0.415686602,0.142344929,0.354589623,0.102359959,0.361036825,0.221794138,0.349275177,0.190298129,0.390747799,0.16152417,0.492522585,0.124016784,0.544900555,0.163717816,0.434280998,0.12326994,0.352732723,0.142550889,0.359658445,0.161366836,0.303566342,0.190462477,0.397139181,0.126962764,0.290757273,0.1219282,0.37318733,0.156493013,0.27824986,0.145840433,0.271760512,0.122658303,0.220262337,0.137417525,0.258857362,0.191226809,0.344994195,0.117615586,0.334626703,0.122690401,0.275389171,0.132946315,0.321876146,0.122692082,0.26273375,0.040593568,0.266859116,0.151864797,0.295495454,0.12858913,0.208371288,0.102281231,0.236769125,0.133127983,0.231691997,0.13497968,0.189759798,0.122646615],"time_to_first_byte":[0.360591707,0.038207536,0.357453765,0.105667212,0.367453706,0.085399395,0.343433811,0.090900828,0.358158523,0.096217515,0.333826025,0.042388971,0.327071349,0.097149722,0.335215532,0.047091201,0.305558334,0.017787256,0.307998506,0.093594878,0.31626493,0.069523667,0.312237471,0.103618609,0.289358322,0.098314186,0.28049063,0.082367307,0.287902148,0.030741873,0.293352559,0.104923192,0.269785059,0.083814139,0.270077711,0.086460238,0.27027271,0.081558666,0.284830824,0.027909833,0.238199122,0.095794882,0.23554216,0.092557646,0.221447225,0.069901053,0.218131807,0.077270729,0.221936528,0.089051294,0.199391037,0.101496501,0.20555603,0.043874317,0.207095975,0.026405656,0.213137949,0.080386946,0.182882629,0.023697105,0.186867975,0.099596519,0.178490821,0.090830226,0.178494926,0.033487579,0.158449519,0.098819844,0.156283666,0.069697374,0.140057695,0.087009819,0.141680789,0.103728097,0.128179295,0.082372124,0.129193544,0.093215419,0.126228979,0.06973019,0.118044872,0.071540629,0.106786024,0.030159786,0.102441809,0.073181025,0.09681264,0.025746673,0.083583329,0.099221389,0.096219102,0.074203563,0.070131591,0.066594515,0.069223482,0.019245925,0.059621189,0.02201014,0.062724912,0.094882145],"total_requests":100,"total_runtime":0.894953568,"total_size":277139800}
