{"failed_requests":0,"num_clients":50,"reqs_per_client":10,"started":"2022-11-04T19:47:48.867358977Z","successful_requests":500,"throughput_in_mib":566.2706488765907,"time_to_completion":[0.572751653,0.210173948,0.189722155,0.143136227,0.092310933,0.097194852,0.102575839,0.123516458,0.140590864,0.104854867,0.6079844,0.147303601,0.136391178,0.137484965,0.275874475,0.181432074,0.14458401,0.201273797,0.130451907,0.098807083,0.627765312,0.142746182,0.187946556,0.144022184,0.092256959,0.0973696,0.102427431,0.123538588,0.141090702,0.10543609,0.54842882,0.160021544,0.060727595,0.305527952,0.180514424,0.171920062,0.205783215,0.19928404,0.094735671,0.05889615,0.493310336,0.126751147,0.137526797,0.240946969,0.148702155,0.152524759,0.213040129,0.194254004,0.182796643,0.139915447,0.554974659,0.192023753,0.155047254,0.115874547,0.190471569,0.101914971,0.260260056,0.105544045,0.164056459,0.112486726,0.53669492,0.207813858,0.188861208,0.166139562,0.181192383,0.166843861,0.120067023,0.096324847,0.164085336,0.095800269,0.534614275,0.20001445,0.156349841,0.114029962,0.128904781,0.149796822,0.215415867,0.194087841,0.183156065,0.136681436,0.530456377,0.172781106,0.136469839,0.154709533,0.127536276,0.149159455,0.215655218,0.22661629,0.140886513,0.147888649,0.872377715,0.284930622,0.235702704,0.226680854,0.194821642,0.162574363,0.121725413,0.073298949,0.050907618,0.042299839,0.454715266,0.203167306,0.060787922,0.147886219,0.114182641,0.223878666,0.137553597,0.124829258,0.140255502,0.105678454,0.412871632,0.096100258,0.208414074,0.147828329,0.113931088,0.224143419,0.172447816,0.164927015,0.099265373,0.161476316,0.560902151,0.145106935,0.189137488,0.14317666,0.09209701,0.097162039,0.102518587,0.123421505,0.140596339,0.105167424,0.495553906,0.209055045,0.188389593,0.084392703,0.116857445,0.14955903,0.215656578,0.193947169,0.183173268,0.114216742,0.501032805,0.159012533,0.141337685,0.154095986,0.228816686,0.13285335,0.123951162,0.140834744,0.105016115,0.117303677,0.600175996,0.074629794,0.12418397,0.154970931,0.22849595,0.132795629,0.123977202,0.201895173,0.170613445,0.095735338,0.488773476,0.158393196,0.113104778,0.18254783,0.228600559,0.170486301,0.201855576,0.18536995,0.157032968,0.080988548,0.4682162,0.20986329,0.188386046,0.084389307,0.115747378,0.153368318,0.207094685,0.199485623,0.183375005,0.113663985,0.501324576,0.138253497,0.136237388,0.154064566,0.127952354,0.145792945,0.219706429,0.225805994,0.164465788,0.070352436,0.453874356,0.201261051,0.154820758,0.115675007,0.18798967,0.159918832,0.133312959,0.123088171,0.19773585,0.070821996,0.445311022,0.208783222,0.147856144,0.11426989,0.223880763,0.172885997,0.169511932,0.094961021,0.16085263,0.095645499,0.370499104,0.092483845,0.147148246,0.136267121,0.154692166,0.228395341,0.170399585,0.166494287,0.094414616,0.16134178,0.434315579,0.207966527,0.187813802,0.172094417,0.125874075,0.175094808,0.201898558,0.185836976,0.108364058,0.115188886,0.365449195,0.126860655,0.140638835,0.186020678,0.142886601,0.189380868,0.102699302,0.123235985,0.141146234,0.105414888,0.408737552,0.208965504,0.188880325,0.14294686,0.092321498,0.09722533,0.233449866,0.19407349,0.183337035,0.114202552,0.415912948,0.173325387,0.199052038,0.10225995,0.212799432,0.172513404,0.164698551,0.099285101,0.161298964,0.11246102,0.394762321,0.201421323,0.15466453,0.116657261,0.223918792,0.175684151,0.201816523,0.199759172,0.114787252,0.112951556,0.395452472,0.172943686,0.136607593,0.044579652,0.109066623,0.229096197,0.170513043,0.201964005,0.199337425,0.095136878,0.439012355,0.147577236,0.147338354,0.113941374,0.229675369,0.133004391,0.118332936,0.122856066,0.197726496,0.095046292,0.381872307,0.168364499,0.113356881,0.182563194,0.127641263,0.149647284,0.215023066,0.194955069,0.172360424,0.148191586,0.364461597,0.208802192,0.305283708,0.180995251,0.175526956,0.202277684,0.198837871,0.134923369,0.081097459,0.072134547,0.361681861,0.208648307,0.147824837,0.113980996,0.224086671,0.172560385,0.125667581,0.197883813,0.14089091,0.150784499,0.297171073,0.126560185,0.120631627,0.125089348,0.214879567,0.162709772,0.172147213,0.164719138,0.099569722,0.161284592,0.33490481,0.161778267,0.060766153,0.18888428,0.192021244,0.161544889,0.213193526,0.226010362,0.141038348,0.147846077,0.346988653,0.168625533,0.140863931,0.215172692,0.162864746,0.17530623,0.166698451,0.220615965,0.157224782,0.072951359,0.334125009,0.201327605,0.156503763,0.113993649,0.203298391,0.081631133,0.209513114,0.1941504,0.172205719,0.12428442,0.343773756,0.15872626,0.176307878,0.117771102,0.22440436,0.137927853,0.124643279,0.141039269,0.104503038,0.117536481,0.339938008,0.163066251,0.628543691,0.142054536,0.122886893,0.197734433,0.094635701,0.123214564,0.04330457,0.039360177,0.429932323,0.263800174,0.209999505,0.161646726,0.213132086,0.194444522,0.172153412,0.163418018,0.100015298,0.064593503,0.316111864,0.168672679,0.113430663,0.182268995,0.202014102,0.075701829,0.215377252,0.194050957,0.172439172,0.124289866,0.301256409,0.175783974,0.113320186,0.182375668,0.228885095,0.131989549,0.124159789,0.141384158,0.105135856,0.117075412,0.31320568,0.158763608,0.112872396,0.182775025,0.228600258,0.132168982,0.118793455,0.123360693,0.114679799,0.14218366,0.275641835,0.207727835,0.189311251,0.142815871,0.189554791,0.102632364,0.123048281,0.141341523,0.104720141,0.117587808,0.282087023,0.201131464,0.154945419,0.116373731,0.229703348,0.170312758,0.201653546,0.199309558,0.094747188,0.059020543,0.270853526,0.208893247,0.189373843,0.170046671,0.065394652,0.119742469,0.211425005,0.225778324,0.150605764,0.114474153,0.421409994,0.284630184,0.244277894,0.217594542,0.184029351,0.194846534,0.186528404,0.120174192,0.07174586,0.050207208,0.374507025,0.157662569,0.197022764,0.228952959,0.173266728,0.158919486,0.227107465,0.147052,0.097833184,0.081116046,0.190278267,0.127028859,0.14080459,0.185621432,0.191444041,0.1589326,0.215550443,0.193964717,0.183222392,0.114107426,0.353536744,0.146989552,0.187611878,0.148159853,0.14999921,0.215315805,0.193228084,0.173560581,0.123869034,0.061163431,0.234684354,0.207759193,0.189523466,0.191187152,0.161567257,0.213523292,0.193960579,0.172282857,0.124073051,0.062762017],