{"failed_requests":0,"num_clients":50,"reqs_per_client":1,"started":"2022-11-04T19:47:22.998866433Z","successful_requests":50,"throughput_in_mib":183.7883289604723,"time_to_completion":[0.582886304,0.550946512,0.607519437,0.477117751,0.50655342,0.504544439,0.530082807,0.49105644,0.568835698,0.523175432,0.53452424,0.475587605,0.497496272,0.52090553,0.440924359,0.601213296,0.49507302,0.426607349,0.481843389,0.481391724,0.46876827,0.353593938,0.442583902,0.45341251,0.422645873,0.443365727,0.406764243,0.352693754,0.304915072,0.417543942,0.454892697,0.376529887,0.327040604,0.327801582,0.374144036,0.346509352,0.302162775,0.355309301,0.322368268,0.281972141,0.344328787,0.391761638,0.264367496,0.312240107,0.30148205,0.297615958,0.287048064,0.29345873,0.248700613,0.244582824],"time_to_first_byte":[0.409013001,0.401450325,0.45054346,0.37145248,0.360307802,0.355319955,0.350314839,0.339803544,0.361867552,0.327207605,0.340883892,0.32338622,0.327809748,0.316543064,0.317302225,0.364492827,0.302252965,0.285933706,0.283325558,0.284460424,0.277175128,0.252730539,0.247049981,0.266861502,0.227051399,0.245367585,0.225453738,0.223334677,0.203422047,0.218118428,0.259298225,0.202409763,0.181424452,0.180181576,0.179570007,0.181845491,0.154896372,0.162468354,0.147498978,0.137342705,0.129431344,0.165903226,0.111954871,0.116853903,0.107691238,0.098178088,0.088433704,0.080562958,0.071014895,0.059270706],"total_requests":50,"total_runtime":0.719036706,"total_size":138569900}
