{"failed_requests":0,"num_clients":25,"reqs_per_client":10,"started":"2022-11-04T19:47:47.620598227Z","successful_requests":250,"throughput_in_mib":533.2657560752015,"time_to_completion":[0.324779629,0.069078035,0.103808063,0.071416415,0.078216598,0.057670225,0.069357936,0.062883501,0.069501827,0.102570652,0.312279952,0.053669681,0.09507218,0.151035568,0.092757228,0.069441746,0.062893569,0.069496226,0.076314618,0.037208441,0.28467876,0.077666249,0.083544051,0.058600312,0.072629525,0.056171462,0.057822912,0.06901416,0.064249734,0.067516639,0.302049761,0.091692821,0.105813766,0.079681627,0.053188109,0.06627925,0.095080364,0.095070026,0.079243176,0.043344167,0.283511383,0.064936914,0.083942916,0.101096244,0.075769014,0.077005255,0.095098277,0.095261507,0.103186546,0.028570276,0.296005264,0.069197602,0.045809958,0.072611869,0.081754961,0.07297658,0.060430744,0.082575946,0.095894457,0.076969237,0.272912052,0.126689618,0.054711252,0.064524863,0.064873903,0.081132202,0.082668507,0.107733931,0.111456877,0.032773319,0.240083857,0.035281314,0.095721238,0.102505666,0.07947612,0.072467813,0.061233562,0.082473452,0.085209726,0.104898813,0.258873461,0.089958509,0.039243008,0.064531452,0.064857183,0.067575571,0.076830399,0.096681963,0.096188804,0.076601848,0.253379628,0.055144831,0.094895049,0.062680442,0.06720185,0.075807226,0.047113652,0.096633484,0.096218146,0.076321949,0.252822738,0.121429627,0.056263475,0.063941792,0.065621395,0.080221304,0.069693171,0.062678061,0.081011655,0.065089419,0.247761089,0.117318718,0.05896266,0.064395962,0.07758664,0.076939338,0.094933991,0.097450627,0.103167301,0.035619191,0.249464854,0.067440479,0.06594776,0.099075189,0.065067851,0.081048283,0.103404035,0.08705772,0.047844238,0.056123065,0.233548948,0.118335112,0.059066634,0.066132111,0.075733751,0.07675939,0.095421622,0.097011553,0.07731403,0.04192934,0.209568271,0.025325257,0.087553864,0.102525953,0.079475569,0.072510628,0.067211837,0.076056266,0.085795722,0.041127496,0.229271736,0.06770944,0.067982238,0.056126119,0.075960284,0.072933617,0.066423833,0.076453977,0.08566653,0.047897806,0.216127265,0.094120684,0.091629271,0.065003597,0.067568707,0.0800877,0.093576223,0.085306299,0.045952103,0.057839687,0.20054424,0.065358041,0.084873638,0.063212053,0.066609664,0.075662026,0.067435541,0.077239264,0.084616475,0.104636165,0.260689135,0.136618221,0.146420669,0.115294963,0.128292464,0.093534305,0.075402628,0.066747683,0.044942467,0.040153613,0.194328299,0.076294501,0.065813992,0.064651571,0.066501786,0.039746526,0.074447121,0.069295489,0.073452083,0.094049518,0.182568441,0.08347859,0.065546809,0.05860503,0.075819809,0.073626491,0.06627095,0.076071187,0.093554099,0.103528505,0.181294234,0.118373571,0.059317213,0.064337271,0.065157033,0.087951378,0.09610502,0.095354241,0.103365134,0.04999963,0.170235734,0.075594029,0.07357291,0.064371918,0.065460792,0.074534799,0.062181091,0.082668541,0.095758258,0.103091279,0.153353967,0.050308871,0.098561382,0.064941784,0.066197762,0.056373424,0.064849001,0.096114409,0.09759347,0.103234466,0.160477233,0.120618612,0.059002932,0.064507451,0.065065738,0.080934506,0.069201361,0.062609533,0.069153404,0.077001519],"time_to_first_byte":[0.217024857,0.04298838,0.024270167,0.031796159,0.025317504,0.024959494,0.044317216,0.041418144,0.043739152,0.056045208,0.208163808,0.021207545,0.066117751,0.040018997,0.012619649,0.041482041,0.040055863,0.04246141,0.042194516,0.032696752,0.190111606,0.021978915,0.046810478,0.040020149,0.04778244,0.030204343,0.026731513,0.029393926,0.037025625,0.020607563,0.19699526,0.053254086,0.059559512,0.04649808,0.039367375,0.031416169,0.043859823,0.046117172,0.048309111,0.034312136,0.184543817,0.034058917,0.044162615,0.028336414,0.033784461,0.037328164,0.042240595,0.048542672,0.048288982,0.024190942,0.189643797,0.044760721,0.024295605,0.025664923,0.046988453,0.036515236,0.038200591,0.052450194,0.053850641,0.040801333,0.172090628,0.08438466,0.021421895,0.036358828,0.035295783,0.051652718,0.030917883,0.022888219,0.03208055,0.025004437,0.158104141,0.028903707,0.052172026,0.058843337,0.049145534,0.05022477,0.047114675,0.053286303,0.046237663,0.012956428,0.156148244,0.019290114,0.031149295,0.024165743,0.029600851,0.030224509,0.038762132,0.063437046,0.066390244,0.044075011,0.152273064,0.026958713,0.063896903,0.041788413,0.036320691,0.045435278,0.026237483,0.06874405,0.067774847,0.038426197,0.15210291,0.069835686,0.03089511,0.030665791,0.042300502,0.043417073,0.050809467,0.038516648,0.071981249,0.041219866,0.142118788,0.067142207,0.029433646,0.038977973,0.038592532,0.040335198,0.038768778,0.05718964,0.055245988,0.018309966,0.139017164,0.044519904,0.018931876,0.067972769,0.037782347,0.053226311,0.040692471,0.037290648,0.02908964,0.041141849,0.132858819,0.066342952,0.031005435,0.032201266,0.035156904,0.03558863,0.045864628,0.051701157,0.051854185,0.032585211,0.113469853,0.019371439,0.041548122,0.057553866,0.050788958,0.04545919,0.04418203,0.029002417,0.050174275,0.017950356,0.12006784,0.046100747,0.044318968,0.034455354,0.050302436,0.055160496,0.045118605,0.041133044,0.048372821,0.036128424,0.108242717,0.077327859,0.049635941,0.034126564,0.03174437,0.033972252,0.017697347,0.051685791,0.011117332,0.05164339,0.097577559,0.016060193,0.057287841,0.037037159,0.037227641,0.043273131,0.042903494,0.05117549,0.061864976,0.013589023,0.100814019,0.059207511,0.01257111,0.04342421,0.044328163,0.051461898,0.018961898,0.01704314,0.011385576,0.013575514,0.089052955,0.04890736,0.022396821,0.035501153,0.030677794,0.03438464,0.040374455,0.038745155,0.042663231,0.059477814,0.08057547,0.06347125,0.027277389,0.038625967,0.048747877,0.058545375,0.045889035,0.040456131,0.037933836,0.053013431,0.077062277,0.054666266,0.03258237,0.042452587,0.040462343,0.044871456,0.028420603,0.043557921,0.050262926,0.023040084,0.067318311,0.015294733,0.049089504,0.038430369,0.037533773,0.041578584,0.042423779,0.050824976,0.028133713,0.053410465,0.058569105,0.028726428,0.065616748,0.045013781,0.039796513,0.041029764,0.01997023,0.026084639,0.053818469,0.040177635,0.063299155,0.066696913,0.027950989,0.040714999,0.03910184,0.05557814,0.048525589,0.036995339,0.045232032,0.049645607],"total_requests":250,"total_runtime":1.239068449,"total_size":692849500}
