{"failed_requests":0,"num_clients":1,"reqs_per_client":10,"started":"2022-11-04T19:47:46.692994486Z","successful_requests":10,"throughput_in_mib":85.19733147539401,"time_to_completion":[0.12161941,0.028339392,0.022200051,0.017399416,0.017999102,0.017608405,0.017714883,0.022858009,0.017697022,0.018234402],"time_to_first_byte":[0.05128494,0.014938366,0.011410615,0.011363709,0.011284233,0.011506724,0.011272252,0.012308201,0.011422758,0.011614354],"total_requests":10,"total_runtime":0.310222286,"total_size":27713980}
