{"failed_requests":0,"num_clients":25,"reqs_per_client":5,"started":"2022-11-04T19:47:36.031281832Z","successful_requests":125,"throughput_in_mib":475.20566421782047,"time_to_completion":[0.306457311,0.103436141,0.065996137,0.085095421,0.056345633,0.296561886,0.036996399,0.055584334,0.058419842,0.068477485,0.284250375,0.035944517,0.053220464,0.06065297,0.075729368,0.300082668,0.06445815,0.06764648,0.074401962,0.062061928,0.305956627,0.055528008,0.062337159,0.072075394,0.144110877,0.305753963,0.055405325,0.060270387,0.074204626,0.060056118,0.266273151,0.072478558,0.067493474,0.069577456,0.076175266,0.277920814,0.063760316,0.065321674,0.06892707,0.051979099,0.264994964,0.100051777,0.137197801,0.065350871,0.031182268,0.246927087,0.15407696,0.045600113,0.055051525,0.059217228,0.250424316,0.063346099,0.071599629,0.068489952,0.078257384,0.243765788,0.054674763,0.055232662,0.084221526,0.059143723,0.239148903,0.06446458,0.086341025,0.033655105,0.062015273,0.228538625,0.100032891,0.137411252,0.065383862,0.03662979,0.272862919,0.076479986,0.085689593,0.059568275,0.060858396,0.196938766,0.072387975,0.057516986,0.052071892,0.09116341,0.211184629,0.066577594,0.06837512,0.068678365,0.067268613,0.199268313,0.06659928,0.068340064,0.068702859,0.078538251,0.199799414,0.094527493,0.067797987,0.085414308,0.059129605,0.191036569,0.054166881,0.05565176,0.051761623,0.091150642,0.179644821,0.202180654,0.069541586,0.045992657,0.033483584,0.233692198,0.054174619,0.051833088,0.098438778,0.043107566,0.238207895,0.096117912,0.087382567,0.066837774,0.05193583,0.207502429,0.066730184,0.079450228,0.071219809,0.042706475,0.207041209,0.077557103,0.085765153,0.05969598,0.046904249],"time_to_first_byte":[0.208980626,0.034191245,0.04423487,0.050616954,0.042611364,0.203373986,0.021785812,0.043821716,0.022843659,0.041021682,0.19164778,0.022561402,0.041645546,0.040202572,0.056742767,0.195028813,0.028051989,0.041141158,0.03513899,0.042661903,0.186634064,0.04019739,0.045155031,0.051848044,0.034805036,0.196901617,0.045974215,0.042194543,0.05208568,0.038952103,0.162708772,0.04466564,0.039430482,0.043550301,0.037011323,0.171748526,0.05326266,0.042917339,0.050218801,0.028062253,0.160619947,0.029812323,0.041048815,0.048396798,0.012918657,0.142523008,0.036206821,0.016593211,0.025220889,0.038857857,0.143780013,0.021415279,0.040855397,0.045600951,0.04016784,0.134990068,0.033199523,0.017629885,0.022665214,0.013078884,0.134471454,0.03234642,0.044237722,0.013603877,0.029462034,0.129691761,0.026683465,0.042970085,0.050012165,0.013356422,0.128355976,0.028356114,0.041309781,0.036007158,0.042269084,0.104619213,0.024958151,0.022277329,0.02950726,0.048268706,0.108780528,0.03723252,0.047410399,0.03937616,0.049990951,0.09505266,0.035793574,0.042927184,0.036351689,0.038950058,0.095925541,0.022083904,0.043138994,0.06344271,0.040516667,0.085702179,0.038855197,0.027863798,0.027113208,0.051199996,0.080106685,0.031252404,0.029283011,0.02717686,0.012594048,0.10965219,0.029302258,0.031113351,0.053882679,0.025919079,0.07510899,0.03803979,0.061796965,0.036949377,0.014312908,0.061516754,0.034704645,0.024003785,0.029015398,0.020305747,0.063387053,0.044449469,0.042736847,0.037291295,0.024531382],"total_requests":125,"total_runtime":0.695228217,"total_size":346424750}
