{"failed_requests":0,"num_clients":25,"reqs_per_client":1,"started":"2022-11-04T19:47:22.609520926Z","successful_requests":25,"throughput_in_mib":174.2835641020243,"time_to_completion":[0.339534762,0.287907215,0.286070835,0.32525994,0.298096271,0.337881593,0.305779699,0.286527563,0.228304157,0.304382985,0.240477553,0.291316022,0.284823084,0.240832774,0.24992084,0.243166618,0.227306905,0.237308769,0.216589797,0.216796578,0.218812829,0.202062263,0.214315167,0.201935303,0.200506451],"time_to_first_byte":[0.230821156,0.205639364,0.199926739,0.213099792,0.196968769,0.236254212,0.17639522,0.186226957,0.152794121,0.173577396,0.154073696,0.136344656,0.15402828,0.139069167,0.13927073,0.129448447,0.114443369,0.125307997,0.102171555,0.109870936,0.086661327,0.085483116,0.097008508,0.086883798,0.075018307],"total_requests":25,"total_runtime":0.379125121,"total_size":69284950}
