{"failed_requests":0,"num_clients":50,"reqs_per_client":5,"started":"2022-11-04T19:47:36.734839468Z","successful_requests":250,"throughput_in_mib":466.30897944719925,"time_to_completion":[0.539291928,0.191208409,0.108069922,0.128327943,0.147391624,0.523755859,0.104163094,0.123021136,0.174321349,0.137626652,0.525403357,0.173084108,0.125894276,0.102946257,0.122901715,0.524596285,0.202610444,0.146035871,0.216231542,0.13129386,0.512978612,0.201713161,0.146090902,0.170722114,0.0914982,0.440221405,0.102108343,0.184813519,0.156599531,0.198603707,0.470838073,0.171266144,0.189064135,0.187556432,0.135765441,0.499650003,0.197896991,0.165936078,0.204209002,0.126935921,0.643437507,0.215004727,0.198383029,0.190895219,0.101759687,0.498625036,0.199642044,0.153149652,0.20521954,0.121922044,0.472363808,0.166014812,0.187702763,0.219369644,0.101278786,0.494853241,0.190260044,0.174807807,0.184113652,0.121458966,0.495772463,0.140734637,0.158686645,0.045919608,0.141605544,0.426481527,0.296295916,0.234473295,0.191913351,0.095272409,0.484010476,0.139910116,0.125407608,0.105877178,0.166805418,0.413475983,0.079742029,0.159865116,0.174710644,0.133512426,0.472830607,0.138258222,0.126196879,0.122250714,0.12489833,0.352435343,0.106952547,0.141886587,0.180719813,0.221336786,0.438713543,0.188697246,0.153462562,0.219816681,0.122996073,0.387199589,0.117446449,0.122301362,0.175037574,0.133075188,0.412955579,0.21243887,0.152382136,0.205412727,0.125576151,0.401006328,0.097870714,0.095164366,0.107797757,0.129315724,0.400085355,0.203952793,0.168487438,0.191893603,0.111607063,0.403150663,0.188668861,0.183595842,0.13905108,0.13041329,0.35878926,0.292716211,0.154424928,0.152955975,0.127085676,0.409430164,0.140110736,0.12604302,0.129989969,0.117458402,0.766454643,0.132862078,0.123171951,0.070565519,0.06675635,0.394793346,0.184910322,0.149068872,0.210821423,0.088727512,0.386103364,0.188470538,0.153035081,0.205027963,0.122014595,0.351483745,0.210012979,0.174906141,0.13354984,0.135520393,0.349181299,0.375356925,0.199926793,0.100600951,0.063505263,0.338822564,0.164494256,0.187682346,0.221957964,0.100659568,0.3781208,0.131642134,0.125617213,0.129949239,0.147071507,0.353293293,0.144382545,0.125588351,0.105965494,0.16668802,0.357302787,0.139385139,0.126356975,0.118974137,0.157826253,0.240500135,0.10238279,0.180015396,0.175237426,0.13802185,0.312436446,0.164712477,0.187947019,0.221689474,0.101039808,0.297087084,0.20873314,0.178389818,0.139018017,0.130694064,0.227712848,0.102001179,0.141435173,0.125955553,0.123290746,0.309131013,0.188470756,0.152854592,0.205480452,0.121944898,0.442978781,0.233602269,0.179426582,0.1396152,0.10401567,0.313899449,0.131255087,0.180846841,0.221435814,0.101012291,0.306939102,0.227529702,0.137704368,0.171794439,0.135579821,0.259358417,0.09659411,0.09537153,0.107283443,0.122529868,0.230907647,0.07976042,0.159942741,0.175006329,0.138166171,0.246552894,0.096637788,0.095108173,0.107388938,0.129614777,0.259614654,0.188699278,0.162862146,0.205341868,0.122211021,0.255715443,0.190903126,0.159665612,0.198507926,0.121763754,0.275286849,0.124192553,0.187456437,0.221535242,0.099262409,0.256680129,0.181509457,0.175019004,0.132192886,0.12808343],"time_to_first_byte":[0.359814711,0.098032312,0.066242815,0.063927485,0.072760665,0.355863785,0.047345742,0.017115764,0.087437698,0.068805465,0.355984823,0.113858698,0.052258195,0.05590404,0.063868692,0.349375739,0.04286834,0.083416228,0.092145315,0.05994029,0.335238466,0.048958033,0.08494101,0.022887919,0.058983238,0.330601112,0.05777693,0.097386588,0.098148785,0.106673797,0.324219608,0.059357964,0.057289182,0.106732365,0.071432034,0.331912852,0.054770419,0.013748844,0.099597167,0.057718052,0.320407713,0.058553703,0.110032554,0.072865175,0.011647121,0.305157602,0.095677674,0.098892697,0.111420208,0.071165746,0.302940507,0.095524192,0.075779279,0.090627736,0.046768309,0.315829537,0.098974242,0.089164348,0.104893816,0.066517839,0.300384092,0.078338343,0.040051185,0.037562435,0.044558976,0.276673243,0.057115493,0.031360447,0.024796255,0.014416876,0.28879849,0.085909161,0.042293976,0.054639562,0.014529953,0.269521234,0.055115663,0.096062129,0.082313326,0.060249534,0.272742708,0.074321474,0.070656075,0.057359483,0.087821607,0.250651579,0.056571072,0.07632222,0.085482692,0.095174402,0.242413705,0.091013726,0.081854899,0.104374714,0.054349142,0.243812853,0.059547335,0.061411801,0.086893416,0.057386966,0.229368436,0.040152706,0.09346002,0.104049358,0.058723362,0.227789867,0.039175736,0.071166754,0.064305601,0.067518891,0.232330304,0.051436539,0.114909726,0.064422983,0.063237468,0.222335117,0.087514875,0.088581361,0.078138826,0.061082486,0.214499338,0.053560632,0.038338922,0.075465839,0.07436236,0.205165371,0.07119082,0.049228717,0.074596966,0.014443487,0.288161232,0.070064247,0.048402294,0.016894779,0.012631797,0.219010612,0.096017951,0.046677248,0.097559828,0.026424961,0.21669431,0.10111965,0.096907263,0.10703251,0.063195138,0.175880446,0.069194273,0.081089553,0.055346775,0.062301768,0.176036725,0.092775877,0.082352531,0.050441068,0.034794985,0.176866882,0.073473459,0.06530473,0.102102764,0.046544228,0.164294539,0.075983782,0.04626668,0.070229993,0.070712219,0.175757825,0.086969171,0.044443317,0.083159352,0.08563653,0.16004127,0.067148488,0.057337095,0.062955375,0.079700421,0.149302723,0.066189415,0.11174186,0.085643867,0.064558054,0.149012007,0.060714287,0.088810107,0.099796531,0.056636655,0.11917143,0.053329217,0.081910137,0.072229596,0.069868539,0.141987963,0.05982365,0.067560253,0.040738644,0.059583728,0.11719133,0.099191335,0.09538292,0.109910434,0.064979226,0.120263156,0.060780408,0.068368062,0.044630209,0.012928525,0.102669839,0.060689438,0.083628131,0.097468516,0.048825932,0.103494432,0.07097525,0.038973042,0.095966346,0.043588891,0.097952491,0.039029844,0.074340914,0.061809396,0.060426981,0.081813598,0.051287059,0.094741276,0.083982118,0.066914585,0.081833009,0.041150707,0.0724098,0.059449992,0.072028984,0.086535949,0.0892647,0.080309929,0.101670667,0.061343468,0.061317139,0.097082859,0.103904236,0.108450523,0.068906457,0.109459434,0.055458954,0.057597057,0.093238601,0.042650917,0.076943197,0.065934685,0.090642093,0.061146588,0.060091211],"total_requests":250,"total_runtime":1.41698488,"total_size":692849500}
