{"failed_requests":0,"num_clients":200,"reqs_per_client":1,"started":"2022-11-04T19:47:25.235169933Z","successful_requests":200,"throughput_in_mib":175.3692285667376,"time_to_completion":[2.999836077,2.159307083,2.535719588,2.545902443,2.8942144709999997,2.889576433,2.280720451,1.9542843589999999,2.508402549,2.460988732,2.628053206,2.4804856109999998,2.075783067,2.449570363,2.706939454,2.825522274,2.04899976,2.222769473,2.214745755,2.438530534,2.029679222,1.899762361,2.009974786,1.9428909330000002,2.56955087,2.406448307,2.681962556,1.978508634,2.583442765,1.759683686,2.365858147,2.6048252979999997,2.518202513,1.939230378,2.112899015,2.645506596,2.098055182,1.75265873,2.6156562169999997,2.067651401,2.661580625,2.481018932,2.558037021,2.041084795,2.6349371230000003,2.452278968,2.425601561,2.484650656,2.230981507,2.481075756,2.4004790160000002,2.228601676,2.5130451689999997,2.576618006,2.578649615,2.203225747,2.330047149,2.354233475,2.185537624,2.531566471,2.412049333,2.454540572,1.71556044,2.511904191,2.356321359,2.131618035,2.448600373,2.297971206,2.435686588,2.277166502,2.373850948,2.100743459,2.117621428,2.087759299,2.07917296,2.373736183,2.236905377,1.52049595,2.419513203,2.388055747,2.355493876,2.392758904,2.044819601,2.1881176780000002,2.185825579,2.010707901,2.1769345270000002,2.013268443,2.086361006,1.979639856,2.343873669,2.261874804,1.9747387170000001,2.095150516,2.122485035,1.390821377,1.9784031149999999,2.285973458,1.7292906590000001,1.919602046,1.905090921,2.269242221,2.071307215,1.9085253290000002,2.035067109,2.243436314,2.145914163,1.8976678,2.03410344,2.217373706,1.9322597799999999,2.083883151,1.41298343,1.9143241149999999,1.388763066,1.9817914559999998,1.825110027,1.790303094,2.000993725,1.9699761059999998,2.004266227,2.063370176,1.926215692,1.908139051,1.970931856,1.956323832,2.043977194,1.8737403110000002,2.08847016,1.93645446,1.720681704,1.863696995,2.035507232,2.054643845,1.277863308,1.674726948,1.462255858,1.6853607,1.992038338,1.975934858,2.00156091,1.8055980680000001,1.986142469,1.617109135,1.971170214,1.949007227,1.8639776179999998,1.044556275,1.941972883,1.739076971,1.756471222,1.9169210140000001,1.813179131,1.334190933,1.827564686,1.530073059,1.522751009,1.805329425,1.7141423580000001,1.7406033330000001,1.853892347,1.728266293,1.629956637,1.788764912,1.7530070960000002,1.7469553260000001,1.606722939,1.589564292,1.61084535,1.668105357,1.598801935,1.703419067,1.644301818,1.562497971,1.735989393,1.677249229,1.6928213250000002,1.739626831,1.712940664,1.492753132,1.7058592689999998,1.647581675,1.671565725,1.655006863,1.624664758,1.53915879,1.6059311790000002,1.5352678260000001,1.594150139,1.604972905,1.591549524,1.5952187370000002,1.5744109929999999,1.469664887,1.563568114,1.404399221,1.583648954,1.583317675,1.574683239,1.434841725],"time_to_first_byte":[1.499832177,1.492620829,1.4642427009999999,1.499343332,1.480166987,1.479302049,1.4306777419999999,1.419645847,1.417927517,1.417305953,1.494970779,1.409463766,1.380535858,1.393756095,1.5038110439999999,1.40287131,1.375694368,1.376444465,1.368386325,1.3997290279999999,1.350974444,1.349447183,1.3414892919999999,1.335357324,1.377242061,1.36406455,1.43193498,1.3080208,1.384149755,1.27664113,1.281323096,1.239418393,1.327190963,1.271503928,1.267082876,1.327961684,1.253222103,1.284538327,1.374032669,1.233312245,1.350405955,1.341154897,1.285136416,1.209419203,1.332348691,1.329288749,1.15371967,1.312233877,1.1997028140000001,1.235870411,1.210117664,1.183154851,1.234209885,1.244889852,1.216663254,1.161832191,1.179855456,1.158695563,1.145634432,1.187093606,1.213328347,1.220635554,1.249939796,1.245566337,1.136377673,1.12020034,1.198376381,1.229167765,1.215108268,1.082059144,1.099150209,1.06249987,1.087187698,1.053636717,1.06417539,1.190718359,1.045818445,1.027498613,1.154912589,1.157038187,1.167862856,1.153235075,1.012634633,0.994138135,0.989773933,0.98965456,1.128625558,0.982140687,0.974376012,0.96084937,1.110333793,1.077139739,0.955774936,1.069567542,0.934115171,0.934276152,0.931108436,1.034708471,0.926575641,0.904769699,0.890979611,1.019868371,0.876034591,0.869133611,0.977266388,1.027008315,0.879267708,0.852849701,0.841513286,0.955524178,0.856034755,0.838420426,0.81453086,0.803339232,0.812073784,0.792233527,0.791063406,0.779723803,0.877946791,0.858959689,0.936864413,0.853674578,0.874212071,0.8634296,0.922782179,0.893331943,0.870304397,0.80792111,0.822138804,0.886397974,0.705007763,0.89013436,0.835511564,0.806870676,0.629528604,0.644520961,0.658047622,0.646310599,0.854767625,0.760445133,0.727714988,0.728856583,0.722081126,0.573339602,0.710059693,0.727715463,0.557529566,0.555023705,0.663890882,0.518985005,0.51279305,0.672532656,0.582605526,0.554281472,0.616887989,0.495349873,0.48223969,0.512199807,0.468702695,0.547894159,0.621008057,0.482515626,0.48164581,0.578951112,0.472289817,0.518517086,0.648417243,0.561932094,0.502128079,0.403962016,0.485293889,0.405956458,0.445463859,0.598532068,0.535305061,0.582652771,0.559312772,0.554628379,0.596644136,0.48494228,0.535900825,0.492546935,0.468633218,0.465070296,0.508068132,0.547466197,0.538657394,0.5492488,0.476981863,0.559801052,0.475817451,0.508559348,0.482580735,0.462674013,0.515598218,0.480039264,0.463539966,0.531859045,0.474089417,0.445261443],"total_requests":200,"total_runtime":3.014224462,"total_size":554279600}
