{"failed_requests":0,"num_clients":100,"reqs_per_client":2,"started":"2022-11-04T19:47:30.053059972Z","successful_requests":200,"throughput_in_mib":315.45270312416017,"time_to_completion":[1.010890644,0.318573307,1.048848346,0.367136079,1.180663387,0.230820962,0.998167218,0.317934821,1.023278775,0.365189607,0.975270992,0.287724147,0.954889586,0.295577385,1.207401929,0.271180873,0.958925446,0.31866119,1.198635932,0.277030099,0.984988881,0.365136631,0.975185751,0.371894042,1.171515248,0.268621383,0.971627111,0.365108303,0.948560155,0.373532535,0.910301933,0.287959669,1.147963082,0.266674788,1.269830528,0.192802649,0.931349158,0.36555458,1.131830866,0.267804369,1.123590678,0.265922387,0.917711995,0.367021437,1.1054760909999999,0.271915244,0.857850079,0.410976966,1.053633092,0.310945788,0.844998995,0.288247786,0.950337695,0.308052973,0.843282899,0.317348364,0.870726164,0.365366342,0.868602978,0.36454224,0.817902305,0.318563849,0.816506782,0.318803839,1.04210427,0.268599007,0.833096719,0.371912679,1.107095213,0.239293401,0.790546237,0.31856206,0.777762058,0.318195399,0.883635111,0.307278323,0.795813448,0.370197811,1.026787414,0.29603596,0.752635038,0.317969328,1.113937285,0.203914468,1.102563914,0.203572748,0.777658572,0.364646135,0.727341791,0.318257871,0.761150144,0.365598597,0.71501643,0.317989062,0.950026369,0.267739126,0.691739244,0.288408997,0.935052454,0.302810878,0.690583699,0.317676855,0.717644109,0.370086697,0.782477111,0.307729972,0.700840462,0.373811462,0.901308422,0.270047283,0.900237219,0.266932242,0.642120144,0.288438882,0.637829762,0.288056412,0.630032338,0.287847493,0.673570376,0.364934993,0.626940814,0.318691131,0.661119095,0.364310448,1.048297676,0.215957341,0.844076854,0.269709583,0.627607731,0.375611538,1.029184545,0.172144371,0.695512546,0.307559632,0.610176304,0.373634607,0.606685614,0.374303216,0.560054569,0.287750037,0.669804551,0.30823697,0.875198288,0.228427593,0.915275332,0.19250747,0.739576101,0.310489948,0.776597396,0.250576735,0.80850731,0.242996349,0.554985761,0.373603466,0.507263311,0.288341494,0.51525862,0.318420104,0.61046525,0.307385009,0.780329736,0.242428961,0.53072824,0.364573819,0.811872333,0.233781863,0.94264553,0.166779036,0.51616681,0.365295817,0.570964574,0.307775241,0.743213269,0.242614048,0.730998914,0.242434996,0.692388198,0.267136765,0.800823682,0.198620567,0.801406946,0.205324077,0.664704375,0.2687931,0.466519331,0.36426635,0.452508636,0.36672378,0.777201094,0.222117267,0.393622666,0.288101742,0.67898138,0.242584469,0.418244409,0.376628952,0.751195308,0.274225247,0.417463012,0.365721865],"time_to_first_byte":[0.717983696,0.075688013,0.715168288,0.176475072,0.694786788,0.073547223,0.712598852,0.065194149,0.694600321,0.161424977,0.688363379,0.154413598,0.67749773,0.180103409,0.691798788,0.056353129,0.673715572,0.043313989,0.640395562,0.074344945,0.655801796,0.163322149,0.652557315,0.148934553,0.650426841,0.064012266,0.631334116,0.166994418,0.630978287,0.148609883,0.627536414,0.152055743,0.61618564,0.067674196,0.625539221,0.089976112,0.608790275,0.155864304,0.601843205,0.058352091,0.58455054,0.068805341,0.582699803,0.159411789,0.564177978,0.051367017,0.577387026,0.175765213,0.56090009,0.064429081,0.568902594,0.166001756,0.572089195,0.123403136,0.549021026,0.070718034,0.552663537,0.183928397,0.550782048,0.172025161,0.535496026,0.088693752,0.527956826,0.04973927,0.507752124,0.065984953,0.486718213,0.154792517,0.505054579,0.122457796,0.504400518,0.05386035,0.492236435,0.057017806,0.488122888,0.126176771,0.48126883,0.151263604,0.476935636,0.147095417,0.459292418,0.084199865,0.442673822,0.097608942,0.467732165,0.09225814,0.459038527,0.186957421,0.444027297,0.098146218,0.433182857,0.154017867,0.428448849,0.060637194,0.401392791,0.062133512,0.421054778,0.141644905,0.403291324,0.052644059,0.406439924,0.100818378,0.386312683,0.14909848,0.402926861,0.119522563,0.384743558,0.146976175,0.384516369,0.061126374,0.360455249,0.072341836,0.364301293,0.170505923,0.359633638,0.163625458,0.357442966,0.158344901,0.355277335,0.177829873,0.338472429,0.080492437,0.383874134,0.175441517,0.400488185,0.040988516,0.331054758,0.054108322,0.319080528,0.142540589,0.330687091,0.080336134,0.318683276,0.128018707,0.299919727,0.158405443,0.288208962,0.178068727,0.288254915,0.161023952,0.293161885,0.121531823,0.368713241,0.12153328,0.270466935,0.083579125,0.255939679,0.062231948,0.259650175,0.100846473,0.284498844,0.129961842,0.253561304,0.14477393,0.244901713,0.147192089,0.225686073,0.046494677,0.231167462,0.124657757,0.238391548,0.123001715,0.212694334,0.164561965,0.226639636,0.120316056,0.327001499,0.041512055,0.199061727,0.159574391,0.192919604,0.1179182,0.241861555,0.1200742,0.189040389,0.124818053,0.164543927,0.066071091,0.160914344,0.083816662,0.160422669,0.096076243,0.150605809,0.057418817,0.150746044,0.169878209,0.133856306,0.157143904,0.131144779,0.085914432,0.121811302,0.168037724,0.121606405,0.127094641,0.115224036,0.191457001,0.114826512,0.087856723,0.099827089,0.152360269],"total_requests":200,"total_runtime":1.675694053,"total_size":554279600}
