{"failed_requests":0,"num_clients":100,"reqs_per_client":1,"started":"2022-11-04T19:47:23.727212042Z","successful_requests":100,"throughput_in_mib":176.80348217964567,"time_to_completion":[1.36616845,1.242303109,1.190973,1.080964937,1.070469794,1.207929097,1.153662519,1.248447691,1.190070899,1.002969257,1.176703519,1.235479901,0.871943046,1.163737644,1.15145868,1.150731221,1.104958408,1.193473161,1.092319452,1.168035696,1.112858971,1.227991014,1.1580375489999999,1.1580998359999999,1.145076169,1.0763352959999999,0.901355923,1.13235339,0.792857817,0.872413999,1.09320219,1.029159428,0.901582947,0.890383402,1.023009369,0.884364639,1.068860263,0.875521567,1.003299237,0.990345011,1.029507248,0.982513596,0.85403609,0.800061049,1.006868513,0.956763356,1.006237298,0.986851624,0.993284963,0.757995451,0.980396759,1.056374055,1.033379942,1.132692099,0.940464649,0.934713425,0.941729444,0.932126258,0.990169232,0.908255938,0.899722868,0.948912501,0.839679384,0.886851428,0.960084152,0.875469425,1.015168792,0.915922546,0.854520027,0.840699838,0.839744085,0.894187521,0.901890222,0.754862882,0.811266752,0.846193667,0.872539476,0.910350402,0.722519033,0.767057632,0.752811376,0.753224483,0.822378293,0.839859888,0.736858896,0.823762138,0.829746047,0.890460866,0.716237991,0.612328508,0.686319434,0.832448317,0.618266181,0.608867682,0.661691156,0.673744195,0.647453488,0.771558599,0.573903905,0.62654044],"time_to_first_byte":[0.752707615,0.755077965,0.728973551,0.751720589,0.743308525,0.743667056,0.741646989,0.752188572,0.720117905,0.702087616,0.691272205,0.715780086,0.691582016,0.693278956,0.675536121,0.672844433,0.663179203,0.673685123,0.654694543,0.670901748,0.64447472,0.649751045,0.632666239,0.628908853,0.620098808,0.617444339,0.606551065,0.608973999,0.585654435,0.560126575,0.564183203,0.557741287,0.56920929,0.562052361,0.529379867,0.546964027,0.526964254,0.525858167,0.528893733,0.529434896,0.517150118,0.518140563,0.498347531,0.489853798,0.488405109,0.482004499,0.477015214,0.485390436,0.469656789,0.464678436,0.456263,0.475842933,0.478895974,0.430436166,0.427328818,0.406159183,0.415133212,0.410905659,0.41412257,0.397521372,0.410585278,0.388267871,0.383567767,0.384522848,0.383458353,0.357360344,0.453947825,0.343078043,0.332722352,0.333745262,0.333543272,0.471404487,0.334441956,0.31952728,0.290046505,0.284345239,0.290007524,0.2896998,0.277361288,0.24714659,0.25823136,0.236939895,0.254964355,0.228295927,0.241097394,0.276104284,0.210789718,0.203732691,0.189020295,0.186938374,0.184604211,0.245609898,0.161820225,0.169312097,0.149539828,0.148177409,0.136651082,0.172128859,0.115970671,0.105974298],"total_requests":100,"total_runtime":1.494886334,"total_size":277139800}
