{"failed_requests":0,"num_clients":10,"reqs_per_client":10,"started":"2022-11-04T19:47:47.009362436Z","successful_requests":100,"throughput_in_mib":437.8356377943683,"time_to_completion":[0.183818609,0.04122772,0.039808496,0.04657036,0.049087241,0.048680755,0.03945449,0.044671168,0.03128869,0.029792312,0.183187823,0.03761187,0.028642483,0.020936481,0.023827674,0.022848582,0.025612377,0.02218424,0.024953723,0.021777468,0.164588168,0.041805293,0.047527839,0.044093773,0.051039982,0.04824965,0.047870316,0.04591444,0.044665249,0.039222933,0.165692476,0.044872314,0.0423431,0.047900827,0.048293577,0.047366833,0.029740007,0.022425434,0.022118699,0.017835703,0.147803612,0.090973828,0.04792114,0.045613012,0.045878349,0.034989096,0.056135645,0.018709219,0.019428629,0.023301505,0.151377533,0.045971042,0.037711281,0.021210606,0.022812557,0.017915299,0.038393058,0.046450264,0.035617283,0.041994636,0.138083362,0.029559123,0.051721644,0.050173449,0.02771996,0.02080828,0.021250651,0.031569401,0.02329246,0.019233921,0.139684554,0.044843546,0.038249731,0.050964387,0.048893837,0.04098704,0.019410686,0.024558527,0.046459009,0.028585095,0.12680821,0.040372185,0.047506508,0.038920527,0.048024015,0.018032865,0.027271777,0.019030248,0.030389773,0.044935266,0.131043662,0.03720749,0.046750835,0.046564055,0.046796876,0.049227062,0.038999465,0.044667773,0.043148187,0.039054099],"time_to_first_byte":[0.10155111,0.029659508,0.018770105,0.011097619,0.01228969,0.011969589,0.011390505,0.014476954,0.012572284,0.01154649,0.111814938,0.024414327,0.01381024,0.014568796,0.013600059,0.012383372,0.013623047,0.012513457,0.020123072,0.014427129,0.09043171,0.011154776,0.011420825,0.021196235,0.013926684,0.011352094,0.012031356,0.01452243,0.01410469,0.011545027,0.091430191,0.011907188,0.03505938,0.012208336,0.014204455,0.017502898,0.0117502,0.014889518,0.01277356,0.012141781,0.074854381,0.011311194,0.015975117,0.023951184,0.022763351,0.025014905,0.017434791,0.011613807,0.012016048,0.012895516,0.075911083,0.012057722,0.012405278,0.012116807,0.011884144,0.011461456,0.016787163,0.0114046,0.011300474,0.014039705,0.066514806,0.011580379,0.03047751,0.03108548,0.021165729,0.013880861,0.011552548,0.01208574,0.012459244,0.013025415,0.065713522,0.019053073,0.025270631,0.017677305,0.012776454,0.011833963,0.011326612,0.018391149,0.011687042,0.01153062,0.050755412,0.014628741,0.020128229,0.022049679,0.018235472,0.011409488,0.015440547,0.011560633,0.025338415,0.01334915,0.052240832,0.019900946,0.011784345,0.014996256,0.01150679,0.018394885,0.013017826,0.013373812,0.024899019,0.016648158],"total_requests":100,"total_runtime":0.603653715,"total_size":277139800}
